label,output
6.0,6.549675464630127
5.0,4.584283351898193
7.0,7.582695007324219
7.0,5.545599937438965
8.0,6.816771984100342
8.0,6.823762893676758
7.0,7.640017032623291
9.0,7.707707405090332
6.0,6.314859867095947
7.0,7.147202968597412
5.0,6.023979663848877
7.0,6.559837818145752
7.0,7.1593780517578125
8.0,7.21882438659668
4.0,2.5313563346862793
6.0,6.258726596832275
5.0,5.512746334075928
5.0,4.912083625793457
7.0,7.344180107116699
4.0,5.414405822753906
7.0,7.0497894287109375
6.0,5.795980930328369
7.0,6.368422508239746
2.0,2.1176090240478516
5.0,2.258340358734131
8.0,7.461729526519775
2.0,3.2775650024414062
2.0,2.974870204925537
3.0,3.8823580741882324
8.0,8.043425559997559
7.0,6.195980072021484
3.0,5.304025173187256
7.0,7.397759914398193
8.0,7.228922367095947
8.0,8.227343559265137
8.0,8.014298439025879
6.0,6.218454837799072
7.0,6.399544715881348
5.0,5.413384437561035
6.0,5.860738277435303
8.0,7.444554805755615
6.0,6.063193321228027
6.0,6.876857757568359
7.0,6.543173789978027
3.0,6.771818161010742
5.0,5.395147323608398
8.0,5.688604831695557
4.0,5.437221527099609
6.0,6.596266269683838
7.0,6.037060260772705
7.0,6.823642730712891
6.0,5.7764997482299805
7.0,7.281360626220703
4.0,6.3904852867126465
7.0,6.822805881500244
8.0,8.099674224853516
7.0,7.010097026824951
7.0,7.4639739990234375
5.0,4.320727348327637
5.0,4.452571868896484
8.0,7.039957523345947
7.0,6.909297466278076
6.0,6.506319999694824
7.0,6.783958911895752
9.0,8.279154777526855
7.0,6.569030284881592
6.0,6.756823539733887
6.0,5.860246658325195
6.0,6.092440128326416
5.0,5.471414566040039
6.0,6.671542167663574
6.0,6.233960151672363
8.0,8.46176815032959
7.0,6.023550510406494
6.0,7.212919235229492
7.0,5.6078596115112305
6.0,6.152296543121338
4.0,6.323734760284424
5.0,5.121089935302734
6.0,5.213918209075928
9.0,7.3456950187683105
8.0,7.5250468254089355
5.0,5.737058162689209
8.0,7.446663856506348
7.0,6.717886447906494
7.0,7.773445129394531
8.0,6.875733375549316
5.0,6.616563320159912
7.0,6.453042984008789
6.0,6.031614303588867
8.0,7.423268795013428
6.0,4.460844039916992
6.0,6.424478530883789
8.0,7.570798873901367
8.0,7.421286106109619
6.0,5.9236907958984375
4.0,5.938140392303467
6.0,6.38476037979126
8.0,7.969984531402588
8.0,7.494220733642578
7.0,6.768865585327148
7.0,7.2810773849487305
5.0,4.497529983520508
5.0,5.310247898101807
6.0,6.32257604598999
7.0,6.726229190826416
5.0,7.537655353546143
4.0,5.184370994567871
7.0,6.814960956573486
5.0,5.259030818939209
6.0,6.810017108917236
7.0,6.236363410949707
7.0,6.441816329956055
5.0,6.366199493408203
3.0,3.268840789794922
3.0,3.5657854080200195
6.0,6.928798198699951
8.0,7.239724159240723
4.0,5.326637268066406
8.0,8.39809513092041
7.0,6.909396171569824
7.0,6.863867282867432
6.0,6.07370138168335
7.0,7.515111923217773
7.0,6.109715938568115
4.0,4.784906387329102
7.0,7.510395526885986
8.0,8.218708992004395
7.0,7.160099029541016
6.0,5.982162952423096
7.0,6.537165641784668
8.0,6.908391952514648
5.0,4.928475379943848
3.0,5.967848300933838
8.0,5.529436111450195
7.0,5.845069885253906
8.0,6.438546180725098
8.0,6.979687213897705
6.0,5.807012557983398
6.0,6.062745094299316
7.0,7.890041828155518
6.0,5.626034259796143
6.0,7.002994537353516
6.0,7.355419635772705
5.0,4.974017143249512
7.0,6.558679103851318
7.0,5.884346008300781
6.0,6.845885753631592
5.0,5.946568965911865
6.0,5.9792704582214355
7.0,6.660328388214111
5.0,5.546782493591309
7.0,7.132440090179443
7.0,6.136108875274658
6.0,6.588174819946289
8.0,7.870635509490967
7.0,6.184680461883545
7.0,6.953920841217041
7.0,6.492353439331055
4.0,6.268640041351318
6.0,5.933904647827148
5.0,5.056734085083008
4.0,5.344106197357178
7.0,6.444511413574219
7.0,7.0453691482543945
8.0,7.622082710266113
4.0,4.788292407989502
6.0,5.947564601898193
6.0,5.853262424468994
7.0,6.986270427703857
5.0,5.424224853515625
7.0,5.858206272125244
7.0,6.338476181030273
6.0,5.14461612701416
6.0,5.6568217277526855
8.0,6.6574273109436035
6.0,6.419641971588135
5.0,6.751450538635254
7.0,7.671448230743408
7.0,6.789044380187988
9.0,7.8487229347229
7.0,6.083378791809082
6.0,5.70719575881958
7.0,7.434954643249512
7.0,7.136049270629883
6.0,5.1432366371154785
7.0,6.701080799102783
6.0,5.939951419830322
2.0,1.9967142343521118
6.0,6.2446160316467285
3.0,4.075392246246338
7.0,6.977657318115234
6.0,6.2084856033325195
5.0,5.297317028045654
8.0,7.549057960510254
5.0,5.0439324378967285
6.0,6.439567565917969
6.0,5.699582576751709
7.0,7.009509086608887
7.0,7.145786762237549
8.0,7.61627197265625
7.0,7.0065693855285645
7.0,6.270103454589844
7.0,7.645102500915527
6.0,6.948526382446289
8.0,7.737589359283447
6.0,4.9910888671875
7.0,6.962709903717041
7.0,6.277772426605225
7.0,7.043755531311035
9.0,7.0369791984558105
9.0,8.156150817871094
8.0,7.523862361907959
8.0,6.815008163452148
7.0,5.54505729675293
4.0,5.541400909423828
7.0,7.227437496185303
3.0,3.942465305328369
7.0,6.962246417999268
5.0,5.59489631652832
6.0,5.283393859863281
8.0,7.854143142700195
7.0,6.397029876708984
3.0,5.244638919830322
6.0,6.391528129577637
6.0,5.36359167098999
8.0,7.205177307128906
8.0,7.509228229522705
7.0,6.505189418792725
2.0,2.585221290588379
3.0,3.1004276275634766
5.0,5.208600997924805
9.0,8.14031982421875
5.0,4.123027324676514
6.0,5.385388374328613
6.0,6.460759162902832
6.0,7.235411167144775
7.0,8.488624572753906
4.0,6.190298080444336
7.0,7.566318511962891
6.0,6.235968589782715
6.0,5.9971232414245605
7.0,7.263662338256836
5.0,4.887699127197266
7.0,6.903993129730225
7.0,6.38010835647583
7.0,6.962215423583984
5.0,5.581943035125732
7.0,6.824153423309326
8.0,8.229085922241211
7.0,6.28247594833374
7.0,7.16753625869751
5.0,5.456990718841553
6.0,5.232964038848877
7.0,7.031280040740967
6.0,7.007938385009766
5.0,5.424606800079346
5.0,5.521518230438232
7.0,7.459618091583252
9.0,7.356835842132568
8.0,7.091026782989502
8.0,8.180938720703125
7.0,6.861863136291504
7.0,5.319687366485596
2.0,2.089881420135498
7.0,6.921309471130371
7.0,5.969605922698975
6.0,5.8227152824401855
6.0,4.844762325286865
5.0,5.47763729095459
7.0,7.344128608703613
8.0,8.579197883605957
7.0,6.450631141662598
8.0,7.390854835510254
2.0,3.6306443214416504
7.0,8.021796226501465
4.0,5.599851608276367
7.0,6.731430530548096
7.0,7.007346153259277
8.0,8.426299095153809
7.0,8.302552223205566
8.0,6.632776737213135
7.0,7.236072063446045
8.0,6.633102893829346
5.0,4.112785339355469
8.0,7.439821243286133
9.0,7.842362880706787
6.0,6.715925216674805
6.0,5.590148448944092
6.0,5.864416122436523
7.0,6.6303391456604
8.0,6.2822957038879395
7.0,6.54186487197876
6.0,5.784645080566406
6.0,6.073319435119629
6.0,6.975811958312988
5.0,5.077846527099609
8.0,8.44837474822998
7.0,7.712741374969482
6.0,6.116818428039551
6.0,6.3351545333862305
6.0,6.4615960121154785
7.0,7.718532562255859
8.0,7.135118007659912
7.0,6.163673400878906
2.0,6.406497001647949
5.0,6.63163948059082
7.0,6.882393836975098
5.0,6.089451313018799
5.0,3.8814268112182617
5.0,5.227161884307861
8.0,7.572395324707031
3.0,3.757078170776367
6.0,6.757068157196045
9.0,8.067449569702148
5.0,5.354783535003662
7.0,7.0006513595581055
7.0,7.643094062805176
4.0,5.4087066650390625
6.0,6.143177032470703
7.0,5.962512016296387
5.0,5.894139289855957
6.0,6.5109100341796875
7.0,6.568880081176758
8.0,7.045008659362793
8.0,6.3840651512146
4.0,4.78102445602417
6.0,7.049626350402832
4.0,6.853224277496338
7.0,7.2243733406066895
4.0,4.274503231048584
8.0,6.20788049697876
7.0,6.93242883682251
6.0,7.030550479888916
6.0,6.390515327453613
4.0,4.621952533721924
7.0,6.983240604400635
8.0,8.00522232055664
10.0,9.581193923950195
8.0,8.332798957824707
6.0,4.50956916809082
3.0,4.290557861328125
9.0,8.254663467407227
4.0,5.2262091636657715
7.0,7.287699222564697
5.0,6.048471450805664
8.0,6.453502178192139
6.0,5.972052097320557
6.0,4.834136486053467
3.0,3.674476146697998
7.0,7.044648170471191
5.0,5.443141937255859
8.0,8.249139785766602
6.0,4.880978584289551
3.0,3.6945667266845703
6.0,5.365194797515869
6.0,6.8936848640441895
5.0,6.100605010986328
6.0,5.822307586669922
6.0,7.358749866485596
8.0,6.823303699493408
3.0,4.351238250732422
4.0,4.446643352508545
6.0,6.830873966217041
6.0,6.512068748474121
8.0,7.624211311340332
8.0,7.61821174621582
5.0,5.7502570152282715
6.0,5.671880722045898
5.0,6.016714096069336
4.0,5.097484588623047
8.0,7.187500476837158
8.0,6.645960330963135
5.0,6.1805949211120605
6.0,6.932956695556641
6.0,4.514063358306885
8.0,7.296702861785889
8.0,7.74611234664917
10.0,6.383833408355713
8.0,7.929154872894287
8.0,8.17551040649414
6.0,5.782070159912109
4.0,7.001355171203613
7.0,6.692072868347168
5.0,4.860437393188477
7.0,7.55269718170166
3.0,6.688626766204834
7.0,7.086546421051025
8.0,6.639741897583008
7.0,6.7752556800842285
6.0,6.718684673309326
6.0,6.648758411407471
5.0,6.883913040161133
8.0,7.879840850830078
5.0,5.556060791015625
8.0,6.85087251663208
8.0,7.945810317993164
4.0,4.974051475524902
8.0,6.920727729797363
5.0,5.7817158699035645
4.0,4.0093994140625
5.0,7.141469478607178
6.0,6.602972030639648
8.0,6.833066940307617
8.0,7.974417686462402
7.0,6.421605110168457
7.0,7.055222511291504
4.0,6.443013668060303
7.0,6.668675422668457
6.0,5.982463359832764
4.0,4.326235771179199
5.0,5.480422496795654
2.0,2.8026270866394043
7.0,7.466330051422119
6.0,6.2315354347229
9.0,8.398996353149414
7.0,6.734593391418457
7.0,3.323690891265869
8.0,7.039936065673828
6.0,4.056471824645996
6.0,5.297564506530762
2.0,1.2024836540222168
8.0,7.8889946937561035
8.0,7.362221717834473
4.0,4.307685375213623
4.0,3.4576053619384766
7.0,6.705745697021484
5.0,5.71404504776001
7.0,7.28364372253418
6.0,6.670125961303711
6.0,6.311769962310791
6.0,4.644684791564941
5.0,6.105085372924805
6.0,6.240054130554199
7.0,7.138731479644775
6.0,5.402230739593506
5.0,5.620345592498779
6.0,6.2439165115356445
7.0,7.045171737670898
7.0,6.566772937774658
7.0,6.423581600189209
6.0,6.477320194244385
5.0,5.997170448303223
7.0,5.3770222663879395
4.0,5.039482116699219
5.0,5.632359981536865
5.0,4.962944984436035
9.0,7.513300895690918
7.0,6.770277500152588
7.0,5.841156005859375
7.0,7.26840877532959
9.0,8.677877426147461
5.0,5.160531520843506
6.0,5.968455791473389
6.0,5.0204644203186035
7.0,6.302624702453613
6.0,6.634853839874268
5.0,4.912478446960449
6.0,7.006277561187744
7.0,6.864227771759033
5.0,4.968270778656006
6.0,5.352766513824463
9.0,7.636223316192627
6.0,5.695346832275391
5.0,5.465114593505859
9.0,8.425972938537598
6.0,5.49484395980835
7.0,7.26450777053833
8.0,7.98416805267334
5.0,5.819385051727295
6.0,6.422980785369873
9.0,7.149069786071777
8.0,7.077040672302246
7.0,5.7037153244018555
6.0,5.980236053466797
5.0,5.781164646148682
8.0,6.929832458496094
8.0,7.14785099029541
8.0,8.610817909240723
7.0,7.033949375152588
4.0,3.3402256965637207
7.0,7.499117374420166
8.0,7.402437686920166
4.0,4.781480312347412
9.0,7.608856201171875
8.0,8.221610069274902
5.0,6.015679836273193
6.0,5.895920276641846
7.0,6.651972770690918
7.0,6.008950710296631
8.0,7.531209468841553
5.0,5.07759952545166
4.0,4.450177192687988
4.0,6.8454694747924805
7.0,6.499129772186279
8.0,7.858426094055176
7.0,6.371310710906982
7.0,5.544198989868164
7.0,6.451231956481934
8.0,6.8960065841674805
7.0,7.154279708862305
5.0,7.1357102394104
7.0,7.675014495849609
8.0,7.749292373657227
6.0,6.395806789398193
4.0,5.598551273345947
6.0,6.704063415527344
6.0,5.846344470977783
7.0,6.89970588684082
4.0,3.222109794616699
9.0,5.253228664398193
6.0,6.626961708068848
6.0,6.554816722869873
5.0,6.328970432281494
4.0,4.9069318771362305
8.0,7.098489761352539
6.0,6.8016357421875
7.0,7.481766700744629
6.0,5.158986568450928
7.0,6.614949703216553
8.0,7.075439929962158
7.0,7.233265399932861
7.0,7.047677993774414
6.0,6.220184326171875
6.0,6.006083965301514
5.0,5.670254230499268
3.0,4.274627685546875
6.0,6.7141828536987305
6.0,5.863081455230713
6.0,5.730443000793457
7.0,6.212013244628906
10.0,5.0724005699157715
7.0,6.166778087615967
3.0,3.3070969581604004
4.0,4.403506755828857
3.0,3.4739818572998047
9.0,7.6108174324035645
8.0,7.653655529022217
6.0,7.088597774505615
7.0,6.62406063079834
7.0,6.7876410484313965
8.0,7.957496166229248
7.0,7.411385536193848
7.0,7.255559921264648
8.0,7.157498359680176
7.0,7.279545307159424
9.0,8.219614028930664
6.0,5.040454387664795
7.0,6.530642509460449
6.0,6.457858085632324
8.0,7.504584789276123
6.0,5.906777858734131
7.0,5.917304992675781
6.0,6.4941792488098145
8.0,7.606929302215576
5.0,5.012548446655273
6.0,5.9646148681640625
6.0,5.212120056152344
6.0,7.066801071166992
8.0,7.561722278594971
7.0,6.6666669845581055
7.0,7.668182373046875
7.0,6.704526901245117
9.0,8.246633529663086
8.0,7.212790489196777
6.0,5.769895076751709
7.0,6.68593168258667
9.0,7.557692527770996
8.0,6.526393890380859
6.0,6.01851224899292
8.0,7.24409294128418
6.0,5.271356105804443
7.0,6.807150363922119
5.0,6.0561747550964355
5.0,3.5238561630249023
7.0,6.034867286682129
7.0,7.182067394256592
6.0,5.604074478149414
7.0,7.935004234313965
6.0,5.760865688323975
7.0,7.504885196685791
6.0,7.27598762512207
6.0,5.145427227020264
7.0,6.5430192947387695
7.0,6.980571269989014
6.0,6.639368534088135
5.0,5.601649761199951
8.0,7.1773552894592285
6.0,6.448545455932617
3.0,3.988257884979248
9.0,8.592153549194336
5.0,6.421890735626221
4.0,4.875281810760498
7.0,7.005826950073242
7.0,7.219493865966797
7.0,6.7402238845825195
5.0,5.3953728675842285
7.0,6.627343654632568
1.0,3.2791614532470703
7.0,6.785769939422607
8.0,6.949431896209717
7.0,7.0178046226501465
6.0,6.4926066398620605
6.0,6.929759502410889
8.0,7.9157609939575195
4.0,2.852830410003662
6.0,5.888847827911377
5.0,5.598817348480225
8.0,7.982683181762695
6.0,5.51574182510376
6.0,6.285158157348633
6.0,6.109381198883057
5.0,4.548992156982422
5.0,5.338728904724121
7.0,4.565014362335205
7.0,6.70171594619751
6.0,6.3586249351501465
7.0,5.080597400665283
9.0,5.929194450378418
9.0,8.200392723083496
4.0,3.9957275390625
6.0,5.411654949188232
5.0,5.560757637023926
8.0,7.173595905303955
7.0,7.192444324493408
6.0,5.446403503417969
8.0,6.841435432434082
7.0,7.504400253295898
6.0,5.7852630615234375
6.0,6.64678430557251
8.0,7.136444091796875
7.0,7.017186641693115
6.0,6.385412693023682
8.0,7.6608052253723145
8.0,7.612890243530273
6.0,5.1173200607299805
6.0,5.25673246383667
6.0,7.121292591094971
6.0,6.149013519287109
7.0,7.007161617279053
7.0,6.428366661071777
6.0,6.415333271026611
8.0,7.211490154266357
7.0,7.321117401123047
4.0,4.443068504333496
4.0,3.168710231781006
7.0,7.050046920776367
8.0,7.066934108734131
7.0,6.0480637550354
7.0,6.322086811065674
6.0,7.357174873352051
6.0,6.3977508544921875
5.0,5.6251630783081055
7.0,8.069753646850586
7.0,6.775684833526611
9.0,8.808425903320312
8.0,7.670671463012695
4.0,3.5351662635803223
6.0,5.55228853225708
5.0,4.953587055206299
4.0,6.127319812774658
7.0,6.616666316986084
5.0,6.339694976806641
4.0,5.623854160308838
6.0,6.074769973754883
8.0,7.807103633880615
5.0,5.9975266456604
7.0,7.039532661437988
8.0,7.541560649871826
8.0,8.053407669067383
3.0,2.555391788482666
8.0,7.126904010772705
6.0,6.534865379333496
8.0,7.615692615509033
4.0,5.53071928024292
5.0,5.428542137145996
5.0,5.219501495361328
3.0,4.197974681854248
6.0,6.104179859161377
5.0,6.868502140045166
7.0,6.338244438171387
6.0,6.804455280303955
6.0,7.380349159240723
5.0,4.727556228637695
8.0,8.200255393981934
7.0,3.7064929008483887
6.0,7.051381587982178
7.0,7.516725540161133
4.0,4.644697666168213
5.0,6.417515277862549
5.0,6.427508354187012
5.0,5.087246894836426
6.0,5.7076334953308105
7.0,5.468745231628418
8.0,7.183878421783447
4.0,4.550483226776123
6.0,5.5888352394104
7.0,7.371916770935059
5.0,5.150931358337402
6.0,5.3228888511657715
3.0,4.431517601013184
5.0,5.845009803771973
7.0,6.997818946838379
7.0,7.220334053039551
6.0,6.091146469116211
7.0,6.390935897827148
7.0,6.6109113693237305
5.0,5.495987892150879
6.0,5.549014091491699
7.0,7.169137001037598
7.0,6.338197231292725
4.0,5.345754146575928
8.0,7.837569236755371
5.0,6.271438121795654
7.0,7.428388595581055
7.0,6.247598648071289
7.0,6.43538761138916
6.0,7.346506118774414
7.0,7.133873462677002
5.0,3.770750045776367
8.0,7.680559158325195
8.0,7.9291205406188965
8.0,8.246865272521973
6.0,5.778263568878174
6.0,6.352809906005859
4.0,2.2308096885681152
6.0,5.431687831878662
8.0,7.485620498657227
8.0,7.742734909057617
3.0,2.8651156425476074
6.0,7.1918864250183105
8.0,6.999861717224121
8.0,6.664577007293701
8.0,6.4853668212890625
7.0,6.145880699157715
6.0,5.920103073120117
5.0,4.880770683288574
7.0,5.803641319274902
4.0,5.104947566986084
8.0,7.370100975036621
7.0,6.455502033233643
6.0,5.9876861572265625
4.0,6.466179370880127
8.0,8.124625205993652
8.0,8.610838890075684
6.0,7.552401065826416
5.0,5.821017742156982
8.0,7.851624011993408
5.0,4.992796897888184
4.0,5.6276326179504395
6.0,5.217887878417969
6.0,6.506667613983154
6.0,6.367654323577881
8.0,7.775753974914551
3.0,3.346682071685791
6.0,6.60995626449585
6.0,6.368559837341309
6.0,5.254852771759033
7.0,6.67500114440918
6.0,6.407522678375244
8.0,7.1625237464904785
8.0,6.805073261260986
6.0,7.343639373779297
6.0,4.217297077178955
6.0,5.877318382263184
7.0,6.734889507293701
7.0,5.443665504455566
7.0,5.972691535949707
7.0,7.209271430969238
8.0,7.358170509338379
8.0,7.343441963195801
5.0,4.628159999847412
7.0,7.212477207183838
5.0,3.7186203002929688
7.0,6.5658416748046875
8.0,6.8635711669921875
4.0,4.555476665496826
8.0,6.98996114730835
6.0,6.257376670837402
8.0,5.877788543701172
4.0,5.828727722167969
7.0,7.159721374511719
6.0,5.263232231140137
5.0,5.280391693115234
9.0,7.910272121429443
3.0,4.99410343170166
5.0,6.376589298248291
5.0,5.787524700164795
6.0,5.7722039222717285
4.0,5.416693210601807
7.0,7.040004730224609
9.0,8.320890426635742
6.0,4.390340328216553
7.0,6.766621112823486
5.0,4.190485954284668
6.0,6.589007377624512
7.0,7.384331703186035
5.0,5.3636627197265625
5.0,4.639826774597168
6.0,5.1902546882629395
7.0,7.023585319519043
9.0,8.388185501098633
5.0,6.0921549797058105
7.0,6.911108493804932
7.0,5.481675624847412
6.0,6.853052616119385
3.0,2.6126365661621094
4.0,4.6057562828063965
5.0,4.967118263244629
6.0,5.534053802490234
8.0,7.268799304962158
4.0,5.746205806732178
7.0,7.150567531585693
7.0,5.223273754119873
7.0,7.617804050445557
6.0,7.0691142082214355
5.0,4.799289226531982
7.0,6.834912300109863
6.0,6.775534629821777
6.0,6.740142345428467
8.0,7.5553364753723145
5.0,5.426246166229248
8.0,6.9488396644592285
7.0,7.640506267547607
7.0,7.452644348144531
7.0,4.9376420974731445
7.0,6.937441349029541
7.0,7.65836763381958
7.0,7.216712951660156
8.0,7.381070137023926
6.0,6.696085453033447
5.0,5.712281227111816
8.0,7.674139022827148
7.0,6.652148723602295
7.0,6.616374492645264
7.0,7.1016011238098145
7.0,6.570974349975586
5.0,5.02060604095459
9.0,8.9855375289917
6.0,7.1857709884643555
6.0,5.837941646575928
6.0,5.18615198135376
7.0,7.831518173217773
8.0,8.421355247497559
8.0,7.621018409729004
8.0,7.584737777709961
6.0,5.6227126121521
7.0,7.0235981941223145
6.0,5.796601295471191
7.0,6.948526382446289
6.0,6.53726863861084
9.0,7.210400104522705
6.0,6.0852155685424805
7.0,7.196298122406006
5.0,4.906234264373779
8.0,7.115123748779297
6.0,5.624897003173828
5.0,4.904470443725586
3.0,3.5872950553894043
6.0,6.254319190979004
5.0,5.614811897277832
7.0,7.521158695220947
6.0,6.347192287445068
9.0,7.3782806396484375
6.0,4.378420829772949
4.0,5.965044021606445
6.0,5.470534801483154
8.0,7.745889186859131
7.0,7.304942607879639
6.0,5.703944683074951
7.0,7.115750312805176
7.0,6.97747278213501
4.0,4.500579833984375
6.0,4.414328098297119
8.0,6.793885231018066
7.0,7.852958679199219
5.0,5.004238128662109
8.0,7.267421722412109
7.0,6.866133213043213
8.0,7.369174003601074
6.0,4.977149963378906
7.0,7.321100234985352
7.0,6.747952938079834
7.0,6.954178333282471
7.0,6.697364330291748
3.0,4.474662780761719
5.0,4.496191024780273
4.0,4.578221797943115
7.0,6.145219802856445
5.0,6.319893836975098
6.0,7.012650489807129
4.0,4.273398399353027
8.0,6.885934352874756
6.0,6.879329681396484
8.0,7.511652946472168
6.0,6.142258644104004
5.0,4.905678749084473
2.0,5.89945650100708
6.0,6.116921424865723
7.0,7.355617046356201
8.0,7.28093147277832
7.0,6.490808486938477
4.0,6.021902561187744
7.0,6.148434162139893
7.0,6.7918853759765625
6.0,6.918507099151611
8.0,8.415175437927246
7.0,6.267279624938965
6.0,6.919125080108643
6.0,6.284450054168701
8.0,8.234145164489746
5.0,5.233090400695801
2.0,5.438764572143555
3.0,3.24467134475708
8.0,7.988532543182373
5.0,5.841726779937744
6.0,5.317015647888184
9.0,8.882149696350098
6.0,6.445335388183594
7.0,7.143040180206299
8.0,7.771423816680908
7.0,6.798095226287842
7.0,6.975996494293213
7.0,6.762258529663086
7.0,6.603959083557129
7.0,7.732357978820801
5.0,6.3176727294921875
4.0,3.968636989593506
6.0,6.9793524742126465
8.0,7.235312461853027
3.0,6.303470134735107
6.0,6.17691707611084
6.0,5.544546604156494
8.0,7.82905912399292
6.0,6.476800918579102
6.0,6.629283428192139
5.0,6.174745559692383
2.0,3.9965858459472656
7.0,5.662688255310059
5.0,4.914302349090576
5.0,5.445450782775879
6.0,6.984043121337891
6.0,6.510455131530762
7.0,7.485212802886963
6.0,6.642642974853516
6.0,6.979004859924316
8.0,7.258297920227051
8.0,7.437847137451172
7.0,6.659414291381836
8.0,7.9774603843688965
7.0,7.573000431060791
8.0,7.834041595458984
8.0,7.538341999053955
7.0,7.883600234985352
5.0,5.092888355255127
6.0,6.463209629058838
6.0,5.871020793914795
6.0,5.659806251525879
7.0,6.9075164794921875
8.0,7.784414291381836
7.0,6.7508111000061035
7.0,7.3179545402526855
5.0,5.4458088874816895
7.0,6.759432792663574
4.0,3.7747349739074707
4.0,3.796651840209961
8.0,7.502031326293945
5.0,5.273675441741943
8.0,7.933609485626221
5.0,5.608649253845215
7.0,5.563197612762451
8.0,7.377143383026123
5.0,6.553597927093506
7.0,6.439001083374023
7.0,7.571657180786133
7.0,7.084447860717773
8.0,7.5299906730651855
9.0,8.271610260009766
7.0,7.180895805358887
7.0,6.880054950714111
8.0,7.5442214012146
7.0,6.413861274719238
5.0,5.6824421882629395
3.0,4.698785781860352
8.0,8.056587219238281
4.0,5.623794078826904
4.0,5.753574371337891
6.0,6.521398544311523
7.0,7.142941474914551
6.0,6.836362838745117
8.0,7.2276692390441895
6.0,5.469942569732666
7.0,7.482921123504639
8.0,7.594762802124023
9.0,7.816815376281738
7.0,6.783740043640137
4.0,4.694577693939209
8.0,8.151323318481445
10.0,9.39846420288086
7.0,7.32233190536499
7.0,6.781392574310303
3.0,3.960448741912842
8.0,8.359586715698242
6.0,5.8473334312438965
7.0,7.919962406158447
8.0,7.138589859008789
7.0,6.860039234161377
7.0,6.5336594581604
6.0,5.845357418060303
5.0,5.216124057769775
8.0,6.422830581665039
6.0,5.282614707946777
7.0,6.201825141906738
6.0,5.762629508972168
8.0,7.565503120422363
7.0,7.18690824508667
7.0,7.370427131652832
7.0,7.532123565673828
6.0,6.124186992645264
7.0,6.090425491333008
8.0,7.841405868530273
7.0,7.331395626068115
7.0,6.0357255935668945
7.0,5.050363540649414
7.0,7.1060943603515625
8.0,7.647458553314209
6.0,6.36926794052124
7.0,6.666027545928955
4.0,4.880004405975342
6.0,6.06156063079834
7.0,7.161665439605713
7.0,6.202739238739014
8.0,6.430164813995361
7.0,7.2415266036987305
6.0,6.277506351470947
1.0,2.745129108428955
6.0,5.816900253295898
6.0,6.0858893394470215
6.0,5.530367374420166
5.0,6.348256587982178
6.0,6.242015361785889
6.0,6.910550594329834
7.0,7.669553279876709
7.0,7.048712253570557
7.0,6.934900760650635
8.0,7.763394355773926
7.0,7.3144612312316895
6.0,6.092618465423584
6.0,6.306173801422119
7.0,7.661165714263916
8.0,6.882277965545654
6.0,6.372817039489746
7.0,7.380555152893066
7.0,6.792747974395752
8.0,7.006552219390869
6.0,5.30379581451416
3.0,5.163419723510742
5.0,5.606091499328613
8.0,6.825857162475586
8.0,6.953564643859863
4.0,4.338962078094482
5.0,5.4089789390563965
5.0,4.915044784545898
6.0,5.999056339263916
5.0,6.508979320526123
4.0,5.429087162017822
6.0,6.174938678741455
6.0,5.69144344329834
5.0,5.125027656555176
6.0,5.734970569610596
5.0,5.520986080169678
6.0,6.248165130615234
4.0,5.477079391479492
7.0,6.531826972961426
7.0,7.159287929534912
7.0,6.7371296882629395
6.0,5.958037853240967
7.0,6.376357555389404
9.0,7.700840950012207
7.0,6.662328243255615
4.0,4.260382175445557
6.0,7.015161037445068
6.0,6.148747444152832
5.0,5.042784690856934
6.0,6.177238941192627
6.0,5.577484130859375
6.0,5.86636209487915
5.0,6.7394514083862305
7.0,7.3555827140808105
7.0,7.1443705558776855
6.0,7.994673728942871
7.0,6.953041076660156
7.0,6.827496528625488
8.0,6.887719631195068
7.0,7.300754070281982
5.0,5.315983772277832
5.0,3.732132911682129
6.0,5.9833903312683105
6.0,6.906254768371582
7.0,7.291793346405029
6.0,4.301587104797363
7.0,6.8286638259887695
5.0,4.600091457366943
8.0,7.13657283782959
5.0,4.982175350189209
7.0,6.741644382476807
7.0,6.041098594665527
8.0,6.210631370544434
9.0,8.36125659942627
7.0,6.080490589141846
7.0,7.376345157623291
8.0,7.66441011428833
6.0,5.746055603027344
9.0,8.132474899291992
7.0,6.9072418212890625
8.0,7.791259288787842
2.0,4.9478044509887695
5.0,5.257455825805664
6.0,5.825324535369873
9.0,8.133628845214844
7.0,6.957800388336182
7.0,6.197911262512207
6.0,5.974292278289795
10.0,8.160189628601074
4.0,6.6704864501953125
8.0,7.094730377197266
7.0,7.085666656494141
6.0,5.69166898727417
8.0,7.049905300140381
7.0,7.028074264526367
4.0,4.312431812286377
5.0,5.82391881942749
7.0,6.657208442687988
9.0,8.234819412231445
6.0,5.360250949859619
7.0,6.444035053253174
6.0,5.673481464385986
7.0,6.751776695251465
6.0,6.353749752044678
7.0,8.55053424835205
6.0,5.556558609008789
7.0,6.8483405113220215
7.0,7.035421371459961
6.0,7.471492767333984
7.0,6.423191070556641
7.0,6.800511360168457
5.0,5.309695243835449
7.0,6.6664910316467285
6.0,5.53022575378418
8.0,6.71773624420166
4.0,3.1412291526794434
7.0,6.660542964935303
7.0,6.559842109680176
8.0,7.059655666351318
7.0,7.502542018890381
8.0,7.202156066894531
5.0,6.254585266113281
6.0,5.619592666625977
5.0,6.236247539520264
5.0,5.177671909332275
6.0,5.617058277130127
4.0,6.019512176513672
7.0,6.413114547729492
8.0,6.620090961456299
7.0,6.07838773727417
5.0,5.723374843597412
5.0,5.070465087890625
4.0,4.254805088043213
4.0,5.5004167556762695
6.0,6.225209712982178
7.0,7.2407026290893555
7.0,7.501288890838623
4.0,4.233547210693359
7.0,7.109124183654785
8.0,7.901358604431152
8.0,7.602770805358887
6.0,5.701127529144287
7.0,7.684528827667236
5.0,6.184680461883545
7.0,6.420950889587402
6.0,6.303251266479492
6.0,6.2584991455078125
6.0,4.006585121154785
4.0,4.492753505706787
5.0,5.104042053222656
6.0,6.720345497131348
6.0,6.018014430999756
7.0,7.6803059577941895
7.0,6.643883228302002
7.0,6.391146183013916
5.0,4.761352062225342
8.0,7.575455188751221
6.0,6.913065433502197
4.0,6.587385177612305
6.0,6.275987148284912
7.0,5.49056339263916
7.0,6.682185173034668
8.0,7.773874282836914
5.0,6.5386247634887695
5.0,7.355393886566162
4.0,4.605940818786621
4.0,4.487610340118408
7.0,7.412355422973633
8.0,6.809935569763184
6.0,6.131941795349121
7.0,6.484632968902588
7.0,6.206408500671387
6.0,6.206799030303955
6.0,4.734764099121094
5.0,4.982814788818359
7.0,6.735713481903076
8.0,7.3755340576171875
7.0,5.796009063720703
5.0,4.0724406242370605
2.0,2.6672582626342773
5.0,4.744014263153076
6.0,7.072144031524658
6.0,7.10965633392334
5.0,4.722715377807617
7.0,6.180942535400391
4.0,2.831496238708496
7.0,6.243873596191406
7.0,7.098751544952393
5.0,5.498760223388672
7.0,6.8061418533325195
8.0,8.400364875793457
5.0,5.0107011795043945
8.0,7.066423416137695
8.0,6.456223011016846
6.0,7.305942535400391
2.0,4.117612361907959
8.0,7.102068901062012
7.0,7.081546783447266
7.0,7.212987899780273
6.0,6.083451747894287
6.0,7.475475311279297
4.0,4.746763229370117
2.0,2.889965295791626
6.0,6.235410690307617
5.0,6.471367835998535
5.0,5.9426422119140625
5.0,4.811678886413574
8.0,6.976927757263184
7.0,7.015135288238525
6.0,6.523746013641357
7.0,7.066934108734131
7.0,6.930733680725098
7.0,7.335875988006592
3.0,4.513490200042725
7.0,6.867270469665527
7.0,7.044566631317139
8.0,7.91550350189209
6.0,5.130087375640869
5.0,6.706234931945801
7.0,6.656841278076172
5.0,5.940878391265869
5.0,5.314414978027344
9.0,7.029966831207275
8.0,7.655316352844238
7.0,7.053398609161377
7.0,6.8092145919799805
6.0,7.190796375274658
7.0,6.548418045043945
5.0,5.72428035736084
6.0,6.708178997039795
7.0,6.8975300788879395
8.0,7.867824554443359
6.0,6.610546588897705
8.0,8.102039337158203
8.0,6.996862411499023
6.0,6.3221940994262695
7.0,6.551623821258545
7.0,6.9793524742126465
6.0,5.907286167144775
8.0,7.687743186950684
7.0,6.196666717529297
6.0,6.598560333251953
7.0,6.548448085784912
6.0,6.359191417694092
7.0,7.8417792320251465
8.0,7.782161235809326
7.0,6.8953328132629395
7.0,7.074165344238281
5.0,5.3360981941223145
6.0,6.602354049682617
6.0,6.798781871795654
8.0,8.3089599609375
4.0,5.62031364440918
7.0,6.976532936096191
5.0,5.329145908355713
5.0,5.740472316741943
8.0,7.579957008361816
9.0,8.228875160217285
7.0,7.198091983795166
7.0,6.794391632080078
7.0,6.419242858886719
6.0,6.072598457336426
5.0,5.66703987121582
4.0,4.5291266441345215
7.0,7.197139263153076
7.0,6.0444416999816895
5.0,6.44553279876709
5.0,5.0171661376953125
8.0,8.034284591674805
7.0,6.6364545822143555
5.0,5.024770736694336
6.0,6.862476825714111
7.0,6.253495216369629
7.0,7.0884175300598145
5.0,5.15320348739624
6.0,5.567922592163086
7.0,7.240363597869873
6.0,7.074302673339844
8.0,7.811026096343994
5.0,5.36028528213501
5.0,6.28776741027832
5.0,5.964293003082275
5.0,4.9706268310546875
8.0,7.793581008911133
8.0,7.707278251647949
6.0,6.217227458953857
7.0,6.528749942779541
7.0,4.079925060272217
3.0,2.512420654296875
8.0,5.838139057159424
7.0,5.14007568359375
8.0,7.375152111053467
8.0,7.991086006164551
5.0,6.976125240325928
5.0,6.384957790374756
7.0,7.306848049163818
4.0,4.318329334259033
8.0,7.619533538818359
9.0,8.273880958557129
7.0,6.385172367095947
7.0,5.2943115234375
6.0,4.679609298706055
7.0,6.113350868225098
6.0,6.484457015991211
8.0,8.124419212341309
7.0,6.975464344024658
6.0,6.855284214019775
7.0,6.556361675262451
7.0,6.247714519500732
5.0,4.784520149230957
9.0,5.9573493003845215
7.0,6.520462989807129
7.0,6.884865760803223
7.0,6.9752326011657715
7.0,7.1321611404418945
7.0,7.25661563873291
6.0,6.710403919219971
5.0,5.882509231567383
7.0,7.005616664886475
8.0,7.515935897827148
8.0,7.839271545410156
7.0,6.339742183685303
3.0,4.342528343200684
8.0,7.649904727935791
8.0,6.950719356536865
6.0,5.898838520050049
3.0,3.008880615234375
7.0,6.939170837402344
6.0,5.511634826660156
7.0,6.87529993057251
8.0,6.9798502922058105
4.0,6.338858127593994
5.0,6.9110612869262695
7.0,6.45706844329834
6.0,6.331652641296387
7.0,6.390193462371826
7.0,7.220867156982422
8.0,7.475522518157959
2.0,3.8069653511047363
6.0,5.93730354309082
6.0,5.9711594581604
7.0,6.797018051147461
7.0,7.372178077697754
4.0,3.7957849502563477
7.0,6.325545787811279
7.0,7.055617332458496
7.0,7.4517645835876465
6.0,6.320026874542236
9.0,8.115063667297363
9.0,7.529758930206299
6.0,5.7355756759643555
5.0,7.651183605194092
7.0,6.932823657989502
7.0,6.470393657684326
8.0,7.815656661987305
4.0,5.97388219833374
7.0,7.176891803741455
5.0,6.697518825531006
4.0,5.416843414306641
4.0,4.773263454437256
8.0,7.604294300079346
5.0,5.919013023376465
9.0,8.114995002746582
9.0,8.240158081054688
7.0,6.2510576248168945
7.0,6.953062534332275
5.0,6.24237585067749
7.0,6.2031941413879395
5.0,4.920031547546387
8.0,8.03184700012207
8.0,6.930270195007324
8.0,7.365170001983643
5.0,6.172089099884033
7.0,6.017306327819824
3.0,5.364379405975342
6.0,6.89857292175293
7.0,5.094858169555664
8.0,7.207172870635986
6.0,6.714217185974121
5.0,5.786114692687988
6.0,5.333162784576416
6.0,6.839834690093994
7.0,7.113626003265381
5.0,4.884345531463623
8.0,8.269146919250488
9.0,7.6121392250061035
6.0,6.616305828094482
7.0,6.307255268096924
8.0,7.2545599937438965
6.0,6.744129180908203
8.0,7.731383800506592
8.0,6.752763748168945
5.0,4.52096700668335
5.0,6.059736728668213
8.0,6.590191841125488
8.0,6.6584272384643555
8.0,7.156833171844482
6.0,6.066573143005371
7.0,6.408183574676514
6.0,4.378444194793701
7.0,6.756128311157227
7.0,5.882637977600098
8.0,8.181801795959473
7.0,6.563592910766602
4.0,6.655745029449463
6.0,6.232998847961426
4.0,5.350092887878418
8.0,6.959843158721924
7.0,6.603259563446045
5.0,4.967413425445557
2.0,2.186753749847412
7.0,6.309598445892334
5.0,5.5090532302856445
8.0,7.606002330780029
7.0,7.438692569732666
7.0,6.981669902801514
6.0,5.599259376525879
6.0,7.128260135650635
7.0,6.350230693817139
7.0,6.913172721862793
3.0,4.77998161315918
5.0,3.877877712249756
7.0,6.822282314300537
4.0,4.901732444763184
6.0,7.196778774261475
6.0,5.180933475494385
6.0,5.994338035583496
8.0,7.848177909851074
7.0,6.323515892028809
7.0,5.666912078857422
7.0,7.3517632484436035
7.0,7.1479926109313965
5.0,6.807068824768066
8.0,7.549628734588623
7.0,6.862154960632324
5.0,5.449699401855469
6.0,6.796807765960693
4.0,3.9522838592529297
5.0,5.0446085929870605
7.0,6.202805519104004
7.0,6.508369445800781
5.0,6.360088348388672
8.0,6.098581314086914
7.0,6.743034839630127
5.0,4.643474578857422
6.0,6.776543140411377
5.0,6.146133899688721
7.0,7.758274555206299
5.0,4.27070951461792
7.0,6.811699390411377
7.0,7.3551106452941895
7.0,6.645625591278076
5.0,4.710529804229736
7.0,7.095635890960693
6.0,6.936038017272949
6.0,6.3305583000183105
3.0,3.2556793689727783
9.0,9.02265453338623
5.0,6.844662666320801
7.0,7.13692045211792
3.0,4.900779724121094
6.0,6.187778949737549
7.0,6.496576309204102
8.0,7.549160957336426
5.0,5.7309794425964355
5.0,4.987408638000488
8.0,7.3026251792907715
5.0,5.541285037994385
5.0,5.31229305267334
6.0,5.877552509307861
7.0,6.123770713806152
6.0,6.43773078918457
5.0,6.931707859039307
7.0,5.1937456130981445
5.0,6.417504787445068
7.0,8.103528022766113
5.0,6.186212539672852
7.0,6.752205848693848
5.0,4.6323699951171875
6.0,5.508810997009277
8.0,7.4412031173706055
7.0,6.906280517578125
8.0,7.773595333099365
4.0,3.8622798919677734
7.0,7.036142349243164
3.0,3.8699212074279785
7.0,6.645346641540527
6.0,6.8056182861328125
8.0,7.854722499847412
7.0,6.755038261413574
8.0,8.239483833312988
6.0,6.105317115783691
8.0,7.677889823913574
8.0,7.688472747802734
5.0,6.1827192306518555
6.0,6.107407093048096
8.0,7.826449871063232
8.0,6.37501859664917
7.0,6.349595546722412
6.0,5.748167037963867
6.0,5.784829616546631
7.0,7.471879005432129
6.0,6.09636926651001
8.0,6.676056861877441
7.0,6.410702705383301
8.0,6.7308855056762695
5.0,5.913137912750244
6.0,5.844812393188477
7.0,7.114630222320557
7.0,6.708033084869385
9.0,6.6192755699157715
6.0,6.312349319458008
5.0,5.482396602630615
7.0,6.199340343475342
7.0,5.829075336456299
5.0,5.5524516105651855
6.0,5.015125751495361
8.0,7.496224880218506
4.0,7.946681499481201
7.0,6.36203670501709
7.0,6.6214728355407715
5.0,6.526243686676025
9.0,8.91359806060791
5.0,6.792653560638428
7.0,6.616610527038574
7.0,7.067376136779785
8.0,6.9937334060668945
9.0,8.511443138122559
7.0,7.315843105316162
6.0,4.963022232055664
7.0,5.424654006958008
7.0,6.86266565322876
5.0,6.0482354164123535
6.0,5.124351501464844
5.0,4.967963695526123
7.0,7.337047576904297
7.0,7.2156572341918945
7.0,5.940236568450928
5.0,4.240550994873047
6.0,6.765552520751953
7.0,6.816969394683838
5.0,5.977287769317627
7.0,6.79929256439209
5.0,5.1352972984313965
3.0,4.469064235687256
5.0,6.132928848266602
9.0,8.756776809692383
6.0,6.5680131912231445
6.0,5.639923572540283
6.0,7.034563064575195
4.0,5.473770618438721
5.0,5.7115044593811035
7.0,7.136641502380371
8.0,7.881596088409424
5.0,5.700472831726074
8.0,5.955817222595215
6.0,6.409689903259277
8.0,7.3025994300842285
6.0,6.842409610748291
8.0,9.031637191772461
8.0,7.365019798278809
5.0,4.669803142547607
5.0,6.193409442901611
5.0,4.438146114349365
5.0,4.452202796936035
5.0,5.3441877365112305
8.0,7.087606430053711
3.0,3.9440207481384277
5.0,5.4827399253845215
6.0,6.265322685241699
8.0,7.553516864776611
3.0,4.673609733581543
8.0,7.471316814422607
7.0,6.311654090881348
6.0,5.6240386962890625
6.0,6.030837535858154
6.0,5.5752482414245605
8.0,7.446168422698975
4.0,4.289725303649902
7.0,6.766410827636719
5.0,4.230163097381592
7.0,7.237569808959961
6.0,5.954482555389404
6.0,6.104411602020264
7.0,7.229561805725098
7.0,7.309156894683838
5.0,5.191934585571289
6.0,6.3217949867248535
5.0,6.014289379119873
7.0,6.793601989746094
9.0,8.128873825073242
4.0,6.096704006195068
0.0,5.184426784515381
8.0,8.52165699005127
4.0,5.755595684051514
7.0,7.5439982414245605
7.0,5.931535720825195
8.0,7.546414375305176
9.0,8.280352592468262
8.0,8.289806365966797
7.0,6.540753364562988
7.0,6.535513401031494
5.0,5.435018062591553
7.0,7.677718162536621
7.0,5.961722373962402
8.0,7.764226913452148
3.0,4.871809959411621
5.0,5.786168575286865
7.0,6.701776027679443
6.0,6.385678768157959
8.0,8.091477394104004
6.0,4.784867763519287
5.0,5.5306291580200195
7.0,7.147190093994141
6.0,5.517016410827637
7.0,7.405304431915283
7.0,6.456338882446289
7.0,7.763394355773926
7.0,7.560421943664551
6.0,5.192816734313965
8.0,7.784963607788086
5.0,5.486782550811768
6.0,5.846983909606934
8.0,7.666379928588867
5.0,7.233055114746094
5.0,4.963395595550537
7.0,6.388395309448242
8.0,7.326451778411865
7.0,7.3989787101745605
7.0,7.861327171325684
6.0,6.2759270668029785
6.0,5.8334269523620605
4.0,4.988007545471191
6.0,6.032464027404785
7.0,7.197722911834717
6.0,6.724812984466553
8.0,6.981279373168945
6.0,6.132744312286377
8.0,6.513969898223877
7.0,4.81186580657959
7.0,6.485946178436279
4.0,4.771010398864746
6.0,7.01462459564209
2.0,2.815262794494629
5.0,5.327266216278076
6.0,6.014242172241211
6.0,6.111642837524414
6.0,6.956663131713867
6.0,6.700046539306641
8.0,7.692420959472656
6.0,6.085155487060547
7.0,6.743408203125
7.0,6.638754844665527
8.0,7.780895233154297
8.0,7.6496171951293945
6.0,6.158021450042725
7.0,6.3584747314453125
8.0,7.629640102386475
8.0,7.905405521392822
6.0,6.938046455383301
6.0,5.012917518615723
6.0,4.8825578689575195
7.0,7.0968546867370605
6.0,5.884101390838623
8.0,7.286965370178223
7.0,7.168394565582275
8.0,8.18316650390625
8.0,7.925519943237305
4.0,4.099803447723389
6.0,6.31338357925415
4.0,4.659797191619873
8.0,6.991197109222412
6.0,4.8286004066467285
7.0,6.953375816345215
7.0,7.449095249176025
7.0,6.905735492706299
7.0,5.331820011138916
7.0,6.7579522132873535
7.0,7.043824195861816
6.0,5.5974955558776855
7.0,8.044845581054688
4.0,5.1252312660217285
6.0,6.04749059677124
7.0,6.667619705200195
5.0,5.18341588973999
6.0,7.04154109954834
4.0,4.765972137451172
8.0,7.66105842590332
6.0,6.364980697631836
8.0,7.975778102874756
7.0,6.29652214050293
8.0,7.394545555114746
6.0,6.564356803894043
7.0,6.0226922035217285
7.0,4.768765926361084
8.0,7.4895429611206055
5.0,5.707281589508057
7.0,7.004955768585205
6.0,6.430014610290527
6.0,6.442455768585205
4.0,5.167445182800293
4.0,4.4019341468811035
5.0,5.68481969833374
6.0,6.131894588470459
5.0,5.775486946105957
1.0,3.025120258331299
7.0,6.119534969329834
7.0,6.77133321762085
5.0,6.119311809539795
8.0,7.3103156089782715
9.0,8.267129898071289
6.0,6.535097122192383
7.0,6.972052574157715
7.0,6.91528844833374
6.0,5.393548965454102
5.0,4.865690231323242
5.0,5.572634696960449
5.0,6.60657262802124
7.0,6.964203357696533
7.0,6.946736812591553
5.0,6.7176289558410645
3.0,4.515372276306152
5.0,4.665842056274414
7.0,7.139705657958984
7.0,7.7717156410217285
5.0,5.26199197769165
4.0,4.607152938842773
7.0,7.638673782348633
8.0,8.05151081085205
8.0,7.129328727722168
7.0,7.313997745513916
5.0,6.94726037979126
7.0,6.971739292144775
7.0,7.311676025390625
4.0,6.266120910644531
7.0,6.418860912322998
8.0,7.464566230773926
8.0,7.971645355224609
5.0,5.4026899337768555
7.0,5.954504013061523
7.0,7.270520210266113
7.0,7.817746639251709
6.0,6.289947509765625
7.0,6.716538906097412
6.0,5.640333652496338
7.0,7.031988143920898
4.0,4.921943664550781
8.0,6.5441179275512695
7.0,7.413475513458252
5.0,5.304645538330078
5.0,5.371842384338379
6.0,6.63030481338501
6.0,5.932507514953613
7.0,6.72204065322876
6.0,6.115565299987793
7.0,6.898560047149658
6.0,5.628737926483154
3.0,4.602022647857666
7.0,6.208592891693115
5.0,5.882453441619873
9.0,5.492929935455322
6.0,6.2348313331604
6.0,6.097832679748535
5.0,5.627695083618164
6.0,6.434958457946777
7.0,6.772157192230225
4.0,7.207846641540527
6.0,6.1726813316345215
4.0,3.2804837226867676
3.0,3.008300542831421
8.0,6.833161354064941
7.0,5.172728061676025
5.0,6.011602878570557
9.0,8.827900886535645
6.0,6.076731204986572
4.0,4.988183498382568
5.0,5.413616180419922
6.0,5.933265209197998
7.0,7.158206462860107
6.0,6.787525177001953
5.0,4.743220329284668
7.0,6.4470391273498535
7.0,6.48988151550293
8.0,7.248337268829346
7.0,6.807497978210449
6.0,5.892564296722412
5.0,6.525999069213867
7.0,7.083623886108398
7.0,6.780980587005615
8.0,7.984764575958252
6.0,5.699874401092529
6.0,7.163819789886475
7.0,6.395811080932617
6.0,5.798317909240723
7.0,7.229548931121826
8.0,7.1633477210998535
7.0,6.95689058303833
6.0,6.2102837562561035
7.0,6.634866714477539
4.0,4.823543071746826
7.0,6.897830486297607
7.0,7.067676544189453
5.0,3.9865221977233887
6.0,6.615018367767334
9.0,8.321680068969727
7.0,7.066513538360596
5.0,6.966769695281982
8.0,9.062810897827148
7.0,5.849039554595947
4.0,4.870672702789307
5.0,6.072946071624756
3.0,4.6580915451049805
6.0,5.389429092407227
6.0,6.718036651611328
8.0,7.757218837738037
6.0,6.6097612380981445
9.0,8.166712760925293
5.0,7.196147918701172
8.0,7.653307914733887
6.0,6.660783290863037
6.0,6.011014938354492
7.0,6.661186695098877
5.0,5.407453536987305
8.0,7.631605625152588
7.0,6.05274772644043
6.0,6.511592388153076
8.0,8.249530792236328
5.0,5.9015679359436035
3.0,3.9410319328308105
8.0,7.581081390380859
9.0,8.750069618225098
4.0,3.539377212524414
4.0,3.289029121398926
4.0,5.158441543579102
6.0,5.439461708068848
7.0,7.017705917358398
9.0,7.903946399688721
6.0,5.955383777618408
4.0,4.999929428100586
5.0,7.982541561126709
7.0,7.257010459899902
7.0,6.421182632446289
6.0,6.074212074279785
8.0,7.4124884605407715
8.0,6.811716556549072
5.0,5.483469486236572
6.0,7.993729591369629
4.0,5.3724775314331055
7.0,6.350496768951416
6.0,6.699153900146484
6.0,6.0474371910095215
6.0,6.748446464538574
5.0,5.207326412200928
6.0,6.111316680908203
7.0,7.2514872550964355
7.0,7.523596286773682
7.0,6.637930870056152
8.0,7.831754207611084
5.0,5.439661502838135
6.0,5.774478435516357
5.0,3.8382387161254883
6.0,6.452287673950195
6.0,6.230419635772705
7.0,6.7526350021362305
6.0,6.031361103057861
7.0,6.6500115394592285
8.0,8.243685722351074
7.0,6.2533793449401855
7.0,7.1775054931640625
8.0,7.122071743011475
7.0,7.041609764099121
7.0,7.0700883865356445
6.0,5.7337646484375
6.0,6.087648868560791
7.0,7.069174289703369
6.0,6.344115257263184
8.0,7.336536884307861
5.0,5.899465084075928
7.0,5.763393402099609
6.0,5.0079545974731445
6.0,6.605471611022949
3.0,6.419534683227539
5.0,5.592933654785156
7.0,7.924670219421387
5.0,6.657371520996094
8.0,6.661293983459473
7.0,6.642467021942139
5.0,5.8182692527771
6.0,5.292097091674805
2.0,2.1345317363739014
8.0,7.461300373077393
8.0,8.043082237243652
7.0,7.2664690017700195
7.0,6.195589542388916
7.0,5.795940399169922
7.0,7.1214494705200195
7.0,6.678923606872559
6.0,6.676589012145996
5.0,5.446656703948975
7.0,6.667139053344727
6.0,6.200988292694092
7.0,7.184736728668213
7.0,6.7178521156311035
3.0,5.955941677093506
6.0,7.24444055557251
6.0,5.856966018676758
7.0,6.938810348510742
7.0,6.1868391036987305
8.0,6.669207572937012
5.0,4.714870452880859
4.0,4.168839454650879
8.0,7.784435749053955
3.0,2.631903648376465
7.0,7.165901184082031
5.0,6.004830837249756
6.0,6.722538471221924
5.0,5.480057716369629
6.0,5.648594856262207
7.0,7.064685344696045
9.0,8.661745071411133
5.0,5.817119121551514
5.0,6.624850273132324
5.0,4.533604621887207
7.0,7.351698875427246
5.0,5.450107097625732
5.0,6.293488025665283
8.0,6.967803955078125
7.0,7.501507759094238
6.0,3.9067015647888184
8.0,7.1938605308532715
7.0,6.409252166748047
5.0,5.253541946411133
7.0,7.317860126495361
6.0,6.800721645355225
7.0,6.556389331817627
5.0,5.971296787261963
7.0,5.899606704711914
6.0,5.012864112854004
6.0,6.355174541473389
7.0,7.477123260498047
6.0,5.5065836906433105
7.0,6.950255870819092
8.0,6.83219575881958
6.0,5.9819183349609375
7.0,7.78991174697876
8.0,7.3476176261901855
6.0,6.320541858673096
8.0,8.204804420471191
7.0,6.258009910583496
7.0,7.154528617858887
7.0,7.016124248504639
3.0,5.342327117919922
4.0,5.6199188232421875
8.0,6.9037957191467285
6.0,5.1407623291015625
6.0,5.311039924621582
5.0,5.485130310058594
7.0,6.834367275238037
5.0,6.230773448944092
7.0,7.261130332946777
5.0,6.493546485900879
5.0,4.676534175872803
6.0,7.0236968994140625
7.0,6.483298301696777
8.0,8.017216682434082
7.0,5.984729290008545
7.0,6.384344100952148
4.0,4.469815254211426
6.0,6.321207046508789
2.0,3.6149797439575195
6.0,5.884762287139893
6.0,6.406986236572266
8.0,5.810111045837402
8.0,7.861721992492676
7.0,6.986871242523193
6.0,6.084992408752441
7.0,6.953088283538818
7.0,6.66745662689209
7.0,6.868107318878174
7.0,6.5189995765686035
5.0,4.966019630432129
7.0,7.037275314331055
6.0,6.017701148986816
5.0,3.9298009872436523
7.0,7.224987030029297
7.0,7.313916206359863
8.0,7.530501365661621
7.0,6.560039520263672
7.0,6.2522292137146
5.0,4.502652168273926
6.0,7.366539001464844
6.0,6.751115798950195
7.0,6.904666900634766
6.0,6.48332405090332
5.0,7.434413909912109
6.0,5.991145133972168
7.0,6.4569525718688965
6.0,5.760226249694824
8.0,7.948479652404785
8.0,7.642467498779297
7.0,7.067989826202393
6.0,6.547332286834717
7.0,5.883449077606201
7.0,6.467127799987793
5.0,6.002577781677246
4.0,6.396399021148682
7.0,7.266168594360352
5.0,6.153253555297852
5.0,5.22353982925415
7.0,7.132277011871338
7.0,5.78470516204834
3.0,3.1113386154174805
8.0,7.244290351867676
7.0,5.459612846374512
7.0,5.998723983764648
7.0,7.255328178405762
8.0,7.142387866973877
6.0,6.488010406494141
7.0,6.428006172180176
5.0,6.35518741607666
7.0,6.9161295890808105
8.0,7.205709457397461
7.0,7.774290561676025
8.0,7.21442985534668
7.0,6.19894552230835
6.0,6.840070724487305
8.0,8.036966323852539
5.0,5.934990406036377
5.0,5.297562122344971
8.0,7.502031326293945
9.0,7.2783522605896
2.0,5.773585796356201
5.0,6.485353946685791
8.0,7.010341644287109
7.0,6.643801689147949
4.0,3.689338207244873
6.0,7.1936845779418945
3.0,4.835052967071533
5.0,5.756235122680664
8.0,7.2912139892578125
6.0,5.459763050079346
6.0,5.9472856521606445
6.0,6.0845417976379395
6.0,5.696381092071533
4.0,4.540984153747559
5.0,5.469174385070801
6.0,5.780306339263916
8.0,6.207005023956299
6.0,6.425289630889893
6.0,5.701488018035889
4.0,4.634610176086426
7.0,5.154901027679443
8.0,7.5276947021484375
7.0,6.966915607452393
8.0,7.121634006500244
6.0,5.9918532371521
7.0,6.824848651885986
6.0,6.614447593688965
7.0,6.709217548370361
7.0,6.761660099029541
6.0,6.058350563049316
8.0,7.26586389541626
8.0,6.8288655281066895
8.0,8.091734886169434
4.0,5.267967700958252
5.0,6.145103931427002
7.0,6.180539131164551
7.0,6.660620212554932
6.0,6.678284168243408
6.0,6.758171081542969
7.0,6.530221939086914
4.0,5.874398231506348
7.0,6.761745929718018
7.0,6.233659744262695
5.0,5.019071578979492
5.0,6.937419891357422
8.0,8.07608413696289
6.0,6.092463970184326
7.0,7.169068336486816
8.0,8.115926742553711
5.0,5.735118389129639
5.0,6.3145551681518555
7.0,6.518012523651123
8.0,6.749231815338135
8.0,7.705475807189941
8.0,7.438220500946045
7.0,6.81571626663208
7.0,6.582986354827881
7.0,6.5594258308410645
7.0,6.85850715637207
4.0,4.443270206451416
6.0,5.515215873718262
8.0,7.719161510467529
8.0,6.719418525695801
6.0,6.300290107727051
9.0,7.703853607177734
7.0,6.97652006149292
7.0,6.371216297149658
6.0,6.309495449066162
7.0,6.356148719787598
8.0,7.794919967651367
8.0,7.089413166046143
7.0,6.813823699951172
7.0,5.727726459503174
7.0,7.073770523071289
8.0,7.626485824584961
5.0,5.541598320007324
8.0,6.988961219787598
7.0,6.848074436187744
7.0,7.295840263366699
7.0,6.990669250488281
7.0,6.652728080749512
7.0,7.621992588043213
7.0,5.882522106170654
8.0,7.265923976898193
8.0,8.194705963134766
8.0,7.286664962768555
6.0,5.3211164474487305
7.0,7.32473087310791
3.0,5.398850917816162
8.0,7.19315242767334
8.0,6.784237861633301
6.0,7.075611591339111
6.0,5.732730388641357
7.0,6.887054443359375
8.0,7.825836181640625
7.0,6.1753034591674805
3.0,5.070121765136719
5.0,5.1471781730651855
4.0,5.817998886108398
5.0,5.515252590179443
3.0,1.5028700828552246
5.0,4.841826915740967
6.0,6.254293441772461
6.0,7.2476677894592285
7.0,7.250058174133301
6.0,5.875256538391113
5.0,7.373281002044678
7.0,6.241157054901123
6.0,6.584449768066406
7.0,6.565515518188477
7.0,7.195504188537598
6.0,5.093804359436035
7.0,7.434701442718506
5.0,5.154901027679443
2.0,3.9967164993286133
6.0,6.548791408538818
7.0,6.49352502822876
7.0,6.856743335723877
7.0,7.122990131378174
7.0,6.427006244659424
7.0,6.756802082061768
8.0,7.388172626495361
6.0,5.221321105957031
8.0,6.382627487182617
4.0,6.299624919891357
6.0,6.589797019958496
7.0,5.926877021789551
3.0,3.4178099632263184
7.0,7.13822078704834
6.0,5.441028118133545
6.0,5.678043365478516
7.0,6.871750831604004
4.0,6.590745449066162
7.0,7.028992652893066
6.0,6.601208209991455
7.0,5.687815189361572
2.0,4.143336296081543
7.0,6.7571282386779785
2.0,2.2614827156066895
6.0,5.928355693817139
8.0,6.48933219909668
5.0,4.892029285430908
7.0,7.04928731918335
6.0,5.424744129180908
7.0,5.163514137268066
7.0,7.500984191894531
4.0,4.444851398468018
8.0,6.730044364929199
7.0,6.453935623168945
8.0,8.159841537475586
3.0,4.166369438171387
5.0,5.351097106933594
7.0,6.744974613189697
5.0,5.419963359832764
8.0,7.022911548614502
7.0,7.093095302581787
9.0,8.288300514221191
8.0,6.334794044494629
8.0,6.245182514190674
7.0,7.097133636474609
7.0,7.746657371520996
7.0,7.440065860748291
7.0,6.5320587158203125
8.0,7.212314128875732
7.0,7.384876728057861
9.0,8.62093734741211
5.0,5.176347732543945
7.0,5.904469013214111
6.0,6.100182056427002
4.0,6.386326789855957
7.0,7.17378044128418
6.0,6.134188175201416
4.0,6.842988967895508
6.0,6.776671886444092
8.0,7.697390556335449
5.0,6.364195346832275
6.0,6.69680643081665
6.0,5.513244152069092
7.0,6.821179389953613
6.0,6.251289367675781
5.0,6.46626091003418
4.0,5.626626491546631
6.0,6.882033348083496
7.0,6.901671409606934
7.0,6.536792278289795
7.0,6.8423752784729
6.0,5.4493303298950195
4.0,5.7446393966674805
5.0,5.23996114730835
7.0,5.867840766906738
6.0,5.439601421356201
8.0,7.815738201141357
6.0,6.875836372375488
5.0,3.7871479988098145
7.0,7.803760528564453
6.0,6.340634822845459
6.0,5.854167938232422
6.0,6.886445045471191
8.0,7.960886478424072
6.0,6.0304083824157715
8.0,8.020148277282715
7.0,7.688017845153809
9.0,8.400464057922363
7.0,5.316303253173828
8.0,6.2624430656433105
8.0,7.771574020385742
7.0,6.48043155670166
9.0,8.50088119506836
5.0,5.318039417266846
7.0,7.525475978851318
7.0,6.843280792236328
8.0,7.101777076721191
7.0,6.618443012237549
8.0,7.8678717613220215
8.0,7.7937912940979
5.0,4.31419563293457
4.0,3.4776339530944824
5.0,6.146914958953857
7.0,6.23020076751709
7.0,6.940192222595215
7.0,6.395145893096924
6.0,5.795811653137207
6.0,5.0278801918029785
6.0,5.320069313049316
7.0,5.5324530601501465
6.0,6.0447678565979
7.0,7.322795391082764
6.0,5.69600772857666
3.0,4.193406105041504
6.0,6.373859882354736
5.0,6.268631458282471
7.0,6.638591766357422
5.0,5.541379451751709
6.0,4.845627307891846
8.0,7.826454162597656
5.0,5.722945690155029
6.0,6.032000541687012
9.0,6.894204139709473
4.0,3.5939297676086426
6.0,5.322193622589111
8.0,7.6217265129089355
5.0,6.043420314788818
7.0,6.47779655456543
6.0,6.07240104675293
8.0,7.672237873077393
7.0,5.937664031982422
7.0,6.032833099365234
7.0,7.247955322265625
7.0,8.296797752380371
4.0,3.881115436553955
3.0,3.1341843605041504
8.0,7.202855587005615
5.0,4.59784460067749
6.0,7.129221439361572
5.0,5.580211162567139
5.0,6.590470790863037
8.0,7.6478190422058105
7.0,6.761552810668945
7.0,7.208378791809082
6.0,6.583887577056885
4.0,3.8514351844787598
5.0,4.32500696182251
6.0,6.276150226593018
7.0,7.683790683746338
8.0,7.260482311248779
7.0,4.943933486938477
7.0,6.8161797523498535
4.0,4.090609073638916
9.0,8.260623931884766
5.0,5.55070686340332
8.0,8.03110408782959
5.0,5.96713399887085
8.0,7.067049980163574
7.0,7.714960098266602
6.0,5.871265411376953
4.0,5.104284286499023
7.0,6.332995891571045
4.0,3.918368339538574
6.0,6.970516204833984
7.0,7.07878303527832
5.0,6.156360626220703
8.0,6.6513590812683105
5.0,6.056209087371826
6.0,6.373108863830566
6.0,5.875479698181152
7.0,7.468686103820801
6.0,6.571304798126221
7.0,7.470158100128174
7.0,7.398991584777832
6.0,6.894568920135498
7.0,6.628390789031982
6.0,6.525754451751709
7.0,7.343197345733643
7.0,6.641806125640869
6.0,6.915309906005859
7.0,7.047459125518799
7.0,7.046957015991211
7.0,6.563554286956787
2.0,4.172650337219238
6.0,6.624197959899902
4.0,3.9327468872070312
5.0,5.358405590057373
7.0,6.900976181030273
7.0,6.81057071685791
3.0,4.799858093261719
8.0,7.579514980316162
5.0,6.053599834442139
7.0,7.14646053314209
8.0,8.430663108825684
8.0,7.907405376434326
4.0,4.363692283630371
7.0,6.198040008544922
7.0,7.077624320983887
7.0,6.527428150177002
8.0,7.4256978034973145
8.0,6.71973180770874
6.0,6.755154132843018
7.0,7.014345645904541
5.0,6.352114677429199
6.0,6.412500858306885
8.0,7.292677402496338
6.0,6.7634711265563965
6.0,6.945625305175781
7.0,6.8918867111206055
8.0,8.142757415771484
6.0,6.755767822265625
8.0,8.123140335083008
5.0,3.239748477935791
6.0,6.082280158996582
8.0,7.726508617401123
7.0,6.452961444854736
6.0,5.8297834396362305
5.0,4.882907867431641
7.0,6.625511169433594
7.0,6.633969783782959
5.0,4.5748291015625
5.0,4.018457412719727
7.0,7.479573726654053
6.0,6.509274959564209
7.0,6.12866735458374
8.0,6.665624141693115
6.0,6.378726482391357
7.0,6.687373638153076
6.0,5.903481960296631
8.0,7.370461463928223
5.0,6.368692874908447
4.0,6.037455081939697
6.0,6.399059772491455
6.0,6.802841663360596
8.0,7.5153093338012695
5.0,4.908461570739746
7.0,6.182787895202637
8.0,7.5105671882629395
8.0,7.987764358520508
8.0,6.000500679016113
4.0,4.067852973937988
7.0,7.8035502433776855
7.0,6.959890365600586
4.0,4.984243869781494
6.0,5.914330959320068
7.0,7.276253700256348
7.0,7.117793083190918
6.0,6.80947208404541
7.0,5.336512088775635
6.0,7.474432468414307
6.0,7.210168361663818
8.0,7.4516143798828125
7.0,6.792653560638428
6.0,6.595277309417725
5.0,4.780106067657471
5.0,4.926591396331787
9.0,8.542943000793457
6.0,5.874896049499512
6.0,6.493696689605713
8.0,6.701428413391113
7.0,7.169591903686523
7.0,6.053655624389648
7.0,6.49945592880249
5.0,5.188819885253906
6.0,5.76238489151001
5.0,3.316494941711426
6.0,5.551464557647705
6.0,5.974339485168457
8.0,8.114411354064941
5.0,7.061629772186279
8.0,7.720946788787842
4.0,5.76926851272583
5.0,5.042793273925781
7.0,6.73311710357666
5.0,4.632657527923584
8.0,7.3641357421875
7.0,6.749128818511963
5.0,4.624990940093994
7.0,6.895508766174316
7.0,7.37298059463501
5.0,5.085667610168457
7.0,6.86480712890625
8.0,7.918314456939697
6.0,6.226986408233643
8.0,8.159446716308594
5.0,5.5001420974731445
5.0,6.62700891494751
3.0,6.450352191925049
7.0,6.174071788787842
4.0,5.788048267364502
5.0,6.856146812438965
5.0,3.7470479011535645
5.0,5.226539611816406
6.0,5.947933673858643
8.0,6.1660895347595215
4.0,4.208005905151367
7.0,7.5715413093566895
7.0,6.615331649780273
5.0,6.515321731567383
5.0,6.855361461639404
8.0,6.7876152992248535
7.0,6.9156575202941895
6.0,5.255992412567139
7.0,6.448094844818115
6.0,5.552009582519531
6.0,6.951324462890625
6.0,6.174432277679443
7.0,7.074920654296875
5.0,5.396183490753174
8.0,6.28278923034668
8.0,7.1275177001953125
7.0,7.375452518463135
3.0,5.310563564300537
9.0,7.851860046386719
6.0,6.191529750823975
8.0,5.126046657562256
8.0,7.273502826690674
5.0,6.416736602783203
7.0,6.90649938583374
5.0,5.920382022857666
8.0,7.071109771728516
7.0,5.869147300720215
8.0,8.72404956817627
6.0,6.054745674133301
5.0,6.717247009277344
4.0,6.577656269073486
8.0,7.706441402435303
7.0,7.906589984893799
6.0,4.91942024230957
8.0,8.214344024658203
5.0,5.695522785186768
7.0,7.055896282196045
5.0,5.013911247253418
6.0,6.986223220825195
6.0,5.836190700531006
7.0,6.491061687469482
7.0,6.456231594085693
8.0,8.393052101135254
5.0,6.110694408416748
9.0,7.7483954429626465
8.0,7.7845988273620605
6.0,4.578436374664307
6.0,6.736593246459961
8.0,7.276116371154785
8.0,7.146228790283203
6.0,5.178023815155029
7.0,6.85486364364624
8.0,9.499534606933594
7.0,6.952526092529297
6.0,7.0836968421936035
7.0,6.20652437210083
3.0,4.2498979568481445
3.0,4.90667200088501
6.0,3.4431796073913574
5.0,4.998736381530762
8.0,6.679434299468994
5.0,4.296576976776123
7.0,5.974755764007568
7.0,6.213927268981934
5.0,5.217377185821533
7.0,7.98480749130249
8.0,7.823265552520752
5.0,4.5242600440979
7.0,6.872656345367432
6.0,6.475951194763184
8.0,7.081997394561768
5.0,6.37126350402832
7.0,6.965816974639893
8.0,6.9158549308776855
7.0,6.797897815704346
5.0,5.844627857208252
8.0,8.469120025634766
6.0,6.017782688140869
6.0,6.213476657867432
5.0,5.5266852378845215
6.0,6.11808443069458
6.0,5.55067253112793
7.0,6.420161247253418
7.0,6.258413314819336
7.0,6.7747321128845215
8.0,5.558661460876465
7.0,6.7562785148620605
7.0,7.161279201507568
3.0,5.067143440246582
5.0,3.7480311393737793
5.0,6.626498222351074
5.0,5.109857082366943
4.0,4.714175224304199
5.0,6.973176956176758
5.0,6.288393974304199
7.0,7.029026985168457
4.0,4.875316143035889
5.0,3.4748644828796387
5.0,5.11041259765625
7.0,6.998131275177002
5.0,5.860922813415527
4.0,5.624351978302002
7.0,7.035687446594238
3.0,4.563263416290283
5.0,6.767063140869141
4.0,5.515990734100342
6.0,6.948105812072754
5.0,6.007543087005615
8.0,8.029619216918945
8.0,7.391674518585205
3.0,3.294870376586914
8.0,7.276056289672852
6.0,6.629888534545898
8.0,7.518652439117432
7.0,6.166158199310303
6.0,6.2965779304504395
6.0,6.215588092803955
7.0,6.415483474731445
8.0,7.313345432281494
7.0,7.353226661682129
6.0,6.732091426849365
6.0,5.870510101318359
8.0,8.103922843933105
6.0,6.089056491851807
8.0,8.106635093688965
6.0,4.8944525718688965
8.0,8.220588684082031
7.0,6.80978536605835
7.0,6.4962158203125
7.0,5.831907749176025
7.0,7.2161335945129395
7.0,7.152206897735596
5.0,6.177543640136719
6.0,5.906383037567139
6.0,6.5761027336120605
4.0,4.030905246734619
7.0,7.036554336547852
6.0,6.038974285125732
7.0,6.742966175079346
7.0,6.434773921966553
6.0,6.067942142486572
5.0,4.236963272094727
5.0,5.019243240356445
6.0,5.501858711242676
7.0,7.249152660369873
8.0,7.990455150604248
6.0,6.413208961486816
7.0,6.883599758148193
7.0,6.866515159606934
5.0,4.989219665527344
6.0,6.5556535720825195
7.0,5.477006435394287
7.0,7.1625752449035645
6.0,5.787374496459961
8.0,6.878969192504883
7.0,7.044356346130371
7.0,6.47054386138916
8.0,7.471042156219482
5.0,4.411433219909668
5.0,4.91019344329834
7.0,6.445451259613037
6.0,6.150279521942139
4.0,4.474782943725586
7.0,6.377902507781982
5.0,5.653598785400391
7.0,6.784134864807129
5.0,5.684823989868164
7.0,7.195590019226074
4.0,3.1321160793304443
7.0,6.789516448974609
6.0,5.574364185333252
9.0,7.438010215759277
8.0,8.806361198425293
8.0,7.2652716636657715
3.0,3.3476014137268066
5.0,6.311594009399414
9.0,8.159563064575195
7.0,6.526509761810303
7.0,6.449489593505859
8.0,7.177797317504883
8.0,8.26895809173584
7.0,7.114763259887695
7.0,7.133886337280273
7.0,6.760780334472656
7.0,6.992201328277588
5.0,4.382946014404297
7.0,5.70389986038208
4.0,5.329098701477051
6.0,5.45567512512207
5.0,5.268047332763672
6.0,5.865804195404053
9.0,7.9325666427612305
7.0,7.021285057067871
9.0,6.377745628356934
8.0,7.709003448486328
8.0,6.442108154296875
9.0,8.198928833007812
6.0,6.051565647125244
6.0,5.900233268737793
6.0,6.6988749504089355
6.0,6.194744110107422
5.0,5.59935998916626
8.0,7.89017915725708
6.0,6.1666131019592285
6.0,4.749179363250732
6.0,6.4091105461120605
5.0,4.318439960479736
6.0,5.099735260009766
7.0,6.935990810394287
4.0,6.181303024291992
7.0,4.797426700592041
7.0,7.336978912353516
6.0,6.428250789642334
7.0,6.118682861328125
8.0,7.433182239532471
4.0,6.952611923217773
6.0,4.86911678314209
5.0,5.813836097717285
8.0,7.525360107421875
7.0,5.954469680786133
6.0,5.779598236083984
4.0,5.94285249710083
7.0,6.693338871002197
7.0,5.4649858474731445
8.0,7.31189489364624
8.0,7.586093902587891
7.0,7.093537330627441
6.0,6.760376930236816
7.0,6.747493743896484
7.0,6.374336242675781
6.0,6.2447662353515625
7.0,6.460227012634277
6.0,5.897379398345947
6.0,6.478182792663574
8.0,7.548109531402588
8.0,7.333404064178467
6.0,5.9667134284973145
9.0,7.3014750480651855
7.0,6.57046365737915
5.0,5.812106609344482
5.0,5.312421798706055
7.0,6.723641395568848
8.0,8.185444831848145
7.0,6.377589225769043
7.0,6.6079630851745605
5.0,5.126976013183594
7.0,6.781186580657959
6.0,5.134541988372803
6.0,5.739103317260742
5.0,5.165170669555664
6.0,5.779654026031494
7.0,7.202529430389404
7.0,6.843765735626221
6.0,5.27480411529541
8.0,7.513103485107422
7.0,7.089052677154541
6.0,6.615400314331055
6.0,5.5240159034729
7.0,6.3404717445373535
5.0,6.291818618774414
6.0,5.917588233947754
4.0,6.1105828285217285
6.0,6.668817043304443
6.0,5.5799946784973145
7.0,7.740297317504883
8.0,7.426693439483643
7.0,6.380885124206543
4.0,5.76961612701416
8.0,7.175127983093262
4.0,4.761275768280029
8.0,7.79650354385376
5.0,5.03677225112915
5.0,5.3448357582092285
9.0,7.014843463897705
6.0,5.51539421081543
7.0,7.279244899749756
7.0,6.924463748931885
7.0,6.603547096252441
6.0,6.888543605804443
8.0,7.770252227783203
6.0,6.355174541473389
6.0,5.259635925292969
5.0,5.0922017097473145
6.0,6.765054702758789
6.0,6.360779285430908
7.0,7.119938850402832
6.0,6.235831260681152
8.0,7.707982063293457
7.0,7.294475555419922
5.0,6.94301176071167
7.0,7.384876728057861
7.0,6.986686706542969
5.0,6.036781311035156
6.0,5.8269853591918945
7.0,6.843443870544434
6.0,6.411792755126953
5.0,6.201812267303467
8.0,6.883925914764404
4.0,5.1959967613220215
7.0,6.996316909790039
5.0,4.163824558258057
7.0,7.348454475402832
7.0,6.602358341217041
5.0,5.604203224182129
5.0,5.254610538482666
8.0,7.8366379737854
5.0,4.9581618309021
9.0,8.04334831237793
7.0,7.546886444091797
6.0,6.417294502258301
6.0,5.983845233917236
5.0,5.4563469886779785
8.0,8.632309913635254
8.0,7.068479061126709
7.0,7.218013286590576
7.0,6.641342639923096
4.0,4.918177604675293
6.0,6.628180503845215
6.0,5.554365634918213
7.0,6.031524181365967
7.0,7.2741379737854
4.0,4.338020324707031
5.0,4.758069038391113
6.0,7.020392417907715
5.0,7.5047478675842285
6.0,6.706651210784912
7.0,7.216352462768555
7.0,6.232436656951904
6.0,5.628632545471191
7.0,7.1313157081604
7.0,5.9603190422058105
7.0,6.125118255615234
5.0,4.827452659606934
4.0,4.386435031890869
6.0,7.3435492515563965
8.0,7.101184844970703
7.0,6.7683634757995605
6.0,6.036386489868164
8.0,8.417779922485352
7.0,6.17596435546875
8.0,7.691399574279785
5.0,4.702901363372803
6.0,6.246006488800049
7.0,7.0644965171813965
7.0,5.562817573547363
8.0,8.004175186157227
6.0,5.787129878997803
6.0,5.774538516998291
6.0,6.988394737243652
7.0,7.208786487579346
7.0,7.461154460906982
8.0,6.947526454925537
6.0,6.454643726348877
6.0,7.543882369995117
8.0,7.0880913734436035
8.0,6.856382846832275
8.0,7.201555252075195
7.0,6.806390762329102
7.0,7.395781517028809
5.0,5.36557674407959
6.0,5.68447208404541
7.0,7.185157299041748
6.0,3.8905868530273438
7.0,7.443082809448242
6.0,6.24882173538208
5.0,6.981326580047607
2.0,4.54146671295166
7.0,6.958555698394775
5.0,4.2511467933654785
5.0,4.778589248657227
6.0,5.551743507385254
5.0,5.410088539123535
5.0,6.368383884429932
8.0,6.0055131912231445
6.0,6.384309768676758
8.0,7.082568168640137
8.0,7.023224830627441
7.0,7.322005748748779
9.0,8.679666519165039
6.0,6.416232109069824
7.0,7.410419940948486
8.0,7.881441593170166
4.0,6.3017191886901855
5.0,5.128426551818848
8.0,6.483298301696777
7.0,7.703690528869629
7.0,5.86236047744751
7.0,7.06131649017334
8.0,7.6292924880981445
7.0,6.82496452331543
6.0,6.094347953796387
7.0,5.76767635345459
5.0,5.486748218536377
5.0,5.163651466369629
3.0,2.722452163696289
6.0,6.68622350692749
6.0,4.521888732910156
4.0,5.320903778076172
6.0,5.974905967712402
5.0,6.752703666687012
7.0,7.181221961975098
7.0,6.832217216491699
7.0,6.990566253662109
6.0,5.634055137634277
9.0,7.851624011993408
9.0,8.853641510009766
7.0,6.693467617034912
7.0,5.68057107925415
8.0,7.635120391845703
5.0,5.643792629241943
5.0,3.6683669090270996
8.0,7.471449851989746
5.0,5.138164043426514
7.0,8.022860527038574
7.0,6.299315929412842
6.0,5.560738563537598
7.0,6.575798034667969
5.0,5.129563808441162
8.0,8.120891571044922
5.0,5.076348781585693
5.0,5.517642974853516
8.0,8.470565795898438
4.0,4.969281196594238
8.0,8.219335556030273
6.0,6.429503917694092
5.0,3.688178539276123
6.0,6.551486492156982
7.0,4.8682050704956055
8.0,7.477252006530762
5.0,5.739940166473389
6.0,7.015500068664551
8.0,7.450859069824219
6.0,6.084146976470947
6.0,5.710204124450684
7.0,7.409355640411377
7.0,6.805420875549316
5.0,5.456312656402588
7.0,6.610108852386475
7.0,7.037824630737305
5.0,4.818122863769531
7.0,7.009500503540039
2.0,3.4906201362609863
8.0,8.421882629394531
7.0,5.736502647399902
7.0,6.848795413970947
6.0,6.414633750915527
6.0,7.0938720703125
6.0,5.856339454650879
8.0,7.203761100769043
7.0,6.172872066497803
8.0,7.0443949699401855
7.0,6.5871405601501465
8.0,8.065436363220215
5.0,6.472320556640625
7.0,7.076126575469971
5.0,5.047865867614746
6.0,5.747866630554199
5.0,5.382674217224121
7.0,7.182393550872803
6.0,6.1738057136535645
8.0,6.151824474334717
7.0,6.8490142822265625
6.0,5.648667812347412
3.0,4.725803375244141
5.0,6.345844745635986
7.0,6.8245697021484375
6.0,6.435366153717041
4.0,4.600222587585449
6.0,5.413762092590332
5.0,6.451704025268555
7.0,6.8321614265441895
5.0,6.262185573577881
8.0,8.570704460144043
5.0,6.398270130157471
7.0,7.539831161499023
7.0,6.391712665557861
7.0,6.954375743865967
8.0,7.373654365539551
9.0,6.605907440185547
6.0,7.045957088470459
7.0,7.574558258056641
8.0,4.101884841918945
4.0,6.105480194091797
5.0,5.230223655700684
6.0,6.424431324005127
5.0,6.548551082611084
7.0,7.251251220703125
6.0,6.07269287109375
7.0,6.877866268157959
8.0,7.042536735534668
6.0,6.2129316329956055
7.0,6.98770809173584
6.0,6.402450084686279
7.0,7.079422473907471
5.0,4.199584007263184
8.0,7.361200332641602
5.0,5.867643356323242
5.0,5.764183044433594
6.0,5.204980850219727
5.0,5.594186782836914
5.0,5.687570571899414
5.0,6.377936840057373
7.0,6.753703594207764
7.0,6.900529861450195
6.0,5.796635627746582
5.0,4.726466178894043
8.0,6.98834753036499
7.0,6.498606204986572
8.0,6.605525493621826
5.0,4.919675350189209
5.0,5.301057815551758
8.0,7.918164253234863
7.0,7.194568634033203
7.0,6.966203212738037
7.0,8.082289695739746
5.0,4.752578258514404
7.0,6.936535835266113
8.0,7.534900188446045
8.0,6.5572028160095215
7.0,7.195113658905029
6.0,6.155937671661377
7.0,6.439404487609863
8.0,7.686258316040039
6.0,5.9839396476745605
5.0,5.716235637664795
5.0,6.104458808898926
7.0,7.057149410247803
6.0,6.418951034545898
6.0,5.971017837524414
5.0,5.246113300323486
7.0,7.2583794593811035
8.0,7.493117809295654
7.0,6.111187934875488
5.0,6.717268466949463
5.0,4.913360595703125
5.0,6.152607440948486
2.0,3.394219398498535
7.0,6.699570178985596
7.0,5.916704177856445
5.0,5.487851142883301
5.0,4.790787696838379
6.0,6.157729625701904
7.0,7.326915264129639
6.0,6.151429653167725
4.0,4.504053115844727
5.0,4.882802486419678
8.0,6.7171783447265625
7.0,6.550426483154297
6.0,6.152674198150635
6.0,7.521832466125488
4.0,4.134676456451416
6.0,6.0995707511901855
5.0,7.311131000518799
7.0,6.740588665008545
7.0,5.320751667022705
5.0,6.353423595428467
7.0,6.345218181610107
8.0,7.433345317840576
6.0,7.373744487762451
6.0,5.822775363922119
7.0,7.246792316436768
6.0,6.1995720863342285
6.0,6.191019058227539
7.0,7.1706132888793945
8.0,7.546045303344727
5.0,5.992084980010986
8.0,7.485028266906738
5.0,5.4485063552856445
5.0,6.093755722045898
7.0,5.384553909301758
5.0,6.252877235412598
5.0,4.98718786239624
7.0,6.5414228439331055
8.0,7.423328876495361
6.0,6.12007999420166
6.0,6.02730131149292
3.0,7.099429607391357
6.0,6.30745267868042
4.0,4.059706687927246
8.0,7.18430757522583
7.0,5.787988185882568
8.0,7.675078868865967
7.0,6.976288318634033
3.0,4.2069244384765625
7.0,7.5632758140563965
8.0,6.838474273681641
5.0,4.36871337890625
7.0,7.572687149047852
8.0,6.374846935272217
5.0,4.6647047996521
6.0,6.465505599975586
7.0,7.2425737380981445
9.0,7.807056427001953
7.0,7.240994453430176
7.0,7.594333648681641
7.0,6.816158294677734
4.0,5.337072372436523
6.0,6.279132843017578
7.0,7.4530863761901855
6.0,6.005131244659424
7.0,5.719117641448975
6.0,6.497932434082031
7.0,7.446031093597412
7.0,6.93737268447876
8.0,7.910224914550781
4.0,4.504579067230225
7.0,6.6753830909729
8.0,7.629828929901123
7.0,7.445044040679932
8.0,7.632369518280029
7.0,4.596698760986328
8.0,7.8312907218933105
2.0,3.9535350799560547
7.0,7.065286159515381
5.0,4.655722618103027
7.0,5.954714298248291
7.0,7.744018077850342
7.0,7.3098649978637695
3.0,5.151589870452881
6.0,7.691991806030273
5.0,5.856129169464111
7.0,6.6904377937316895
3.0,2.858591079711914
8.0,7.050441741943359
6.0,6.058741092681885
5.0,3.9901161193847656
5.0,5.547065734863281
3.0,5.342286586761475
9.0,7.961234092712402
7.0,6.886990070343018
8.0,7.765728950500488
7.0,7.463553428649902
7.0,6.433602333068848
5.0,5.78416633605957
7.0,6.691617965698242
6.0,5.999466419219971
6.0,4.417625904083252
6.0,6.0769500732421875
6.0,6.106754779815674
9.0,6.322224140167236
6.0,5.429250240325928
6.0,6.6012983322143555
